Görel;McLaine;eu.nibh@hotmail.com
Marie-françoise;Greenwell;est.congue@gmail.com
Gösta;Caseri;duis.cursus.diam@outlook.fr
Solène;Fautley;eget.nisi@gmail.com
Mélys;Becraft;nunc.mauris@icloud.com
Maï;Denver;dui.in@gmail.com
Cécile;Stelfox;enim.sed.nulla@gmail.com
Aí;Draysay;bibendum.donec@aol.edu
Angélique;Flaunier;dui.in@outlook.fr
Sélène;aManger;luctus.ut@outlook.com
Geneviève;Hundall;libero.at@gmail.com
Cinéma;McCaughan;proin@gmail.edu
Bérénice;Beckham;ligula.elit.pretium@gmail.com
Måns;Gemelli;sed.pede@gmail.com
Célia;Gidley;quam.vel@hotmail.com
Märta;Flannigan;arcu.curabitur@outlook.edu
Maï;Chidler;magna.nec@outlook.com
Adélaïde;Feehily;netus.et@hotmail.edu
Mélinda;Probart;risus.duis@outlook.com
Anaé;Dinsey;pellentesque.ultricies@gmail.fr
Lén;Pothbury;et.libero@gmail.edu
Sòng;Feathersby;sit.amet.consectetuer@icloud.com
Mahélie;Kliment;et.malesuada.fames@gmail.com
Marlène;Arnaudin;diam.luctus@outlook.com
Eléonore;Hourahan;egestas@yahoo.com
Célia;Mallard;natoque.penatibus@yahoo.com
Valérie;Lanfranchi;urna@aol.com
Inès;Oades;tincidunt.aliquam@gmail.com
Stévina;Croom;luctus.curabitur@hotmail.com
Maïté;Toppes;dis.parturient@gmail.com
Mylène;Dyerson;at.arcu@gmail.com
Rachèle;Sanders;nunc.nulla.vulputate@outlook.edu
Marie-françoise;Cosley;dignissim.maecenas@outlook.com
Dorothée;Simpkins;ullamcorper.velit@icloud.fr
Mélinda;Gatchell;varius.et@icloud.fr
Sélène;Rubenov;nunc.mauris@hotmail.com
Mélanie;Berthelet;sociis@gmail.com
Maïlys;Luckcuck;tincidunt.adipiscing@gmail.com
Naëlle;McGriele;luctus@gmail.com
Laïla;Le.Port;cursus.non.egestas@gmail.com
Kévina;Fettiplace;arcu.vestibulum.ante@gmail.com
Salomé;Cuell;eu.odio@outlook.com
Torbjörn;Haggart;risus.duis@icloud.fr
Bécassine;Yuryev;proin.mi.aliquam@outlook.com
Anaé;Bisatt;nulla.donec@outlook.fr
Maëlle;Greetham;eros.nec.tellus@gmail.com
Séverine;Denzilow;tellus@hotmail.com
Mahélie;Worham;mauris.eu.elit@gmail.com
Thérèse;Nudds;scelerisque.neque@gmail.fr
Lài;Loggie;eu@outlook.com
Mélodie;Lie;nullam@yahoo.com
Noëlla;Borg-Bartolo;erat.semper.rutrum@outlook.com
Marie-noël;Roddam;titus-alerto@hotmail.com
Maïly;Ohm;dui.quis@gmail.edu
Wá;Caveill;volutpat.ornare.facilisis@icloud.com
Lèi;Murty;felis.adipiscing@gmail.fr
Noémie;Karmel;urna.et@icloud.com
Chloé;Nanetti;curabitur.egestas@gmail.edu
Angèle;Jickles;morbi.sit@icloud.com
Méghane;Beams;quisque@protonmail.com
Nuó;Greetland;tincidunt@gmail.com
Méline;Albasiny;neque.sed@gmail.com
Håkan;Busfield;vitae.mauris@protonmail.com
Nadège;Guyonnet;ullamcorper.viverra@gmail.com
Clémentine;Greed;dapibus.gravida.aliquam@hotmail.edu
Göran;Whittington;sit.amet@yahoo.com
Léa;Bellfield;bibendum.ullamcorper.duis@hotmail.com
Maïly;Benardet;adipiscing.non@gmail.com
Aí;Richford;duis.mi@outlook.fr
Lài;Wapple;pharetra.sed@protonmail.com
Dù;Fone;convallis.est.vitae@protonmail.com
Clémentine;Silby;tempus.non@gmail.com
Annotés;Kamen;integer.eu@aol.com
Laurélie;Barabisch;donec.tempor@gmail.com
Nuó;Outhwaite;leo.morbi@gmail.com
Rébecca;Cullen;curabitur.consequat.lectus@gmail.com
Eloïse;Galletley;maecenas.ornare.egestas@outlook.com
Yáo;Cuell;curabitur.massa@gmail.edu
Marie-ève;Catenot;posuere@protonmail.edu
Anaëlle;Vasyutin;phasellus.nulla.integer@yahoo.fr
Thérèsa;Monteath;nunc.laoreet@gmail.com
Tán;Craigheid;urna.nullam.lobortis@gmail.edu
Mà;McLeish;non.quam@gmail.com
Geneviève;Karolowski;scelerisque@gmail.fr
Personnalisée;Chinnock;nullam.vitae@protonmail.com
Yóu;Miall;luctus.ut@gmail.edu
Hélène;Debill;phasellus@gmail.com
Faîtes;Mar;integer.eu@gmail.edu
Maï;Mark;eros.turpis.non@gmail.com
Maéna;Andrzejak;neque@hotmail.edu
Bécassine;Paye;quis.turpis@hotmail.edu
Irène;Bleaden;dictum.eu@outlook.edu
Sòng;Soutter;ac@hotmail.fr
Cunégonde;Burnet;ut.mi@gmail.com
Hélèna;Antliff;nibh.donec@gmail.edu
Lucrèce;Po;praesent.eu@gmail.com
Gaïa;Headly;justo.eu@gmail.com
Joséphine;Victory;facilisis.vitae@aol.com
Angèle;Predohl;cras@gmail.fr
Cécile;Davet;aliquam.enim.nec@aol.edu
Andréanne;Affuso;curabitur.ut@outlook.edu
Kallisté;Richardet;ut.nisi@gmail.fr
Célia;Gwilliams;suspendisse.aliquet.sem@gmail.com
Jú;Sumpter;nunc.sed@hotmail.fr
Célia;Bernth;arcu.eu@outlook.com
Sélène;Strettell;sem.vitae.aliquam@protonmail.com
Vérane;Stallon;dui.suspendisse@gmail.com
Kévina;Larkkem;ipsum@gmail.com
Esbjörn;Hinks;ipsum@gmail.com
Gaïa;Dionsetti;non.lorem@outlook.com
Cléopatre;Wensley;curabitur@gmail.com
Océane;Bonome;enim.sed@hotmail.com
Lorène;Bennison;erat@yahoo.fr
Rachèle;Maryska;mauris.vestibulum@gmail.com
Maëlyss;Gwinn;pede.blandit134@gmail.com
Faîtes;Wigfall;cursus.a@outlook.edu
Gösta;Saturley;nunc@outlook.com
Estève;Sarfati;mauris.vestibulum@outlook.edu
Océanne;Beevers;elit.erat.vitae@gmail.edu
Léana;Goreway;nascetur@outlook.com
Maéna;Charles;mi.fringilla@yahoo.com
Kévina;Greenhalf;arcu@hotmail.com
Lóng;Casale;nec.urna@outlook.com
